BP_RP,m_G
-1.940048724975246,-0.3105657167449083
-1.9110465488522292,-0.3079067832331539
-1.8756538014400528,-0.3053022534426919
-1.852009405807535,-0.3010224405327131
-1.7630756977769293,-0.2909635182178336
-1.7125200671921323,-0.28320170557505886
-1.6978037678713722,-0.2829687822874529
-1.6873195516999493,-0.2812883738727576
-1.652604500919515,-0.27537208944506286
-1.6383342045078324,-0.2736642803312259
-1.6262944754738822,-0.2751970461232389
-1.62340528135656,-0.26809740063768706
-1.6155551353389779,-0.2699279871016582
-1.5771958144546403,-0.26529628762189095
-1.558267650672068,-0.25962815794216176
-1.5451312513526245,-0.2606230229472688
-1.5372352636787514,-0.25751384715788816
-1.5068820374934768,-0.2540356073865899
-1.5022672110035424,-0.260247117178404
-1.4928242589477794,-0.2508853738586989
-1.456518548642907,-0.24612661452859275
-1.446399399099068,-0.24422206441983718
-1.407743634687865,-0.23898493265044074
-1.3794048018869818,-0.22560640364734397
-1.370451378175766,-0.22313815470945275
-1.3674869690711517,-0.23249643536194498
-1.3627614646563373,-0.23143058890249524
-1.3348878544939655,-0.22714085017099478
-1.322888736385429,-0.22683298938546503
-1.3014780460909066,-0.22201715788142362
-1.282449395704842,-0.21839469378913545
-1.2704199303948904,-0.232712208436622
-1.2417594308783686,-0.21345867482353764
-1.238853471183365,-0.2114739420676397
-1.1953557108894204,-0.2055986066194686
-1.172568903606071,-0.2019292936620456
-1.1657559946290874,-0.19974058962915908
-1.1648869390627974,-0.20537591565358237
-1.1206003825478623,-0.19357485471755265
-1.1142066835351025,-0.19014203461439383
-1.1079177092223107,-0.19047323977082709
-1.0742770936529524,-0.18593291114869093
-1.0550185538235786,-0.18229961571332076
-1.0256677173397115,-0.17723156324712797
-0.9887012393904184,-0.17142271242976648
-0.9821094064382763,-0.17090668766206107
-0.9721609612639028,-0.17120762900365438
-0.9653927330203169,-0.1655961611512975
-0.9608175186987671,-0.1668172242955599
-0.9460846894836434,-0.1619029504818137
-0.9440999957583944,-0.16376491993463027
-0.9148124590600748,-0.15845231813274374
-0.8954045277870115,-0.1559657979748783
-0.888793140759665,-0.15407445577973
-0.8656631649648512,-0.1500011032435511
-0.8653702187565582,-0.15026430414698222
-0.8420583110627557,-0.14566607439439494
-0.8210325742038682,-0.1417149378079845
-0.7964825276904746,-0.13722642902402082
-0.7711742897054679,-0.13274843295344674
-0.7657547141713499,-0.13162264110198052
-0.747229404451315,-0.12840068571447016
-0.7242072561320336,-0.1240231026819103
-0.7168469381447595,-0.12602059138600197
-0.7058180702081707,-0.12054275917112367
-0.67837649431993,-0.11519540801722705
-0.6734431809646786,-0.14074960515558452
-0.6714282282640394,-0.1153334152388279
-0.656867419558731,-0.11135967964958482
-0.6528522286694329,-0.11157355605741603
-0.6342357528986984,-0.1065828831196951
-0.6185552064079554,-0.10728231344542305
-0.6125734311871867,-0.11524996701368817
-0.6103156940478458,-0.10235410508605991
-0.5879466844744909,-0.09795542755210018
-0.5710419536081046,-0.095381623654891
-0.5647059743846841,-0.09326217138847692
-0.5420569639895962,-0.08833980269582842
-0.5215328197888303,-0.08398220292319625
-0.5038768748510964,-0.08120783140545562
-0.49866628628457565,-0.07930128316091256
-0.4783061632233334,-0.07561987735876041
-0.47581748554545467,-0.07456675519139111
-0.4537682067215014,-0.06991881699608626
-0.45255938223496983,-0.06987575034735904
-0.4311415931191531,-0.06536763113888178
-0.4113895650864876,-0.06082721907410171
-0.38907797334963234,-0.0560482038355028
-0.3687463630789951,-0.0515490037772679
-0.32995256518465776,-0.04264693215950999
-0.32754999297420095,-0.04241039367892796
-0.3071959895463694,-0.037951556953640164
-0.2842670025522125,-0.03332083008880726
-0.2732894471801872,-0.034066412259823764
-0.26205512559867117,-0.028596047247100742
-0.24083972292620448,-0.024021144000387906
-0.22032450621756716,-0.0193356358240937
-0.19884622726209855,-0.014652227244217997
-0.17783692567699116,-0.010125076462269789
-0.1569365795567519,-0.005497400884788561
-0.13718864985985935,-0.0011347310150489065
-0.11661101204927782,0.003378812815475918
-0.09678859259775141,0.007788389031585297
-0.08030536760430618,0.011637056734066675
-0.07430616087629716,0.012942854801698545
-0.0738406728562806,0.01341199355984024
-0.05898352739246704,-0.02344381578397492
-0.05657605011785005,0.01668870382081522
-0.03778581898553046,0.020849978557748727
-0.017817496499450414,0.025227273458273025
0.0016080574112482537,0.029486433228218978
0.019317354774425866,0.03343898611813767
0.027571888665684163,0.03565753935453486
0.03842597531909231,0.037696418370384066
0.058155831229694144,0.04210496860238688
0.0650677892964655,0.04408984087566381
0.07674863066589133,0.04609067483794416
0.09616467028499809,0.05032327091255606
0.11764826040173126,0.05487158120242963
0.13298458120484735,0.05832093627684287
0.15096628046466165,0.062429513528613256
0.17092416792831155,0.06675033915367923
0.18672901758244187,0.07017676448534882
0.21202227548685126,0.07553697810049442
0.2270829649171766,0.07971665214173296
0.22843208226096312,0.07919767465702598
0.24404868264230828,0.08276492797846036
0.26044053835026837,0.08637593360476714
0.2847165786590562,0.09157148011220428
0.3034021945821772,0.09601434999155778
0.3173839679326589,0.09919068626196204
0.3405601857877558,0.10398189890064824
0.373008662714156,0.1102740045124948
0.3962884274494849,0.11534302683480124
0.4137178623430344,0.11934022482390994
0.4331175439155919,0.12347941567801879
0.44922791691053465,0.1275057134744273
0.45991834795389597,0.12934139273282774
0.4702571559132327,0.1255760427427628
0.48242629496420797,0.1340100880943531
0.5143537944622851,0.14074979946621902
0.5369777726121976,0.1460214761971077
0.548693089926731,0.14876897744588113
0.5921871111657584,0.15724654354713863
0.5935328689717574,0.1543043157952031
0.6144834711339673,0.16238201479146674
0.6628194306447766,0.17183461990317017
0.6631123224314024,0.17255974482723158
0.6772965290905448,0.17612549765342767
0.7567116106185665,0.19180304667694514
0.7695417506412996,0.1949518827914103
0.7877479133977774,0.19908592890248578
0.8506136986413804,0.21160760488412844
0.8716365073546246,0.21623340185263373
0.8836791081306918,0.17015024423749558
0.9139894472354246,0.22505067687392533
0.9761861151744586,0.23769777116897117
0.9976032885723134,0.23505295158697415
1.0272823043990327,0.2477196367253578
1.035973795463752,0.25010062969816627
1.0894772626650715,0.26127326461269984
1.1511156938218612,0.27379489565002135
1.1553150495689506,0.27556057795064426
1.18106546441423,0.278763863467522
1.183399796118552,0.26047892166427644
1.1868484937701647,0.2709083887636563
1.210678160331132,0.2864744142965012
1.255477466880233,0.2959735895925739
1.2845308237166018,0.3002847334091312
1.3676629684053792,0.31529630904743744
1.3875408806806506,0.3235690179024937
1.423849637447688,0.32889462689622917
1.4664753127762173,0.3392307294086674
1.471715575549461,0.33822645682701413
1.5467847160874681,0.3529590388635322
1.5798514781845636,0.33418112036475645
1.5909390486584751,0.3478935305344857
2.1440477454557207,0.44789495693800685
2.592508872303238,0.5104757105205344
2.7328371823980433,0.532338321345212
2.895742539013378,0.551182985554795
2.895742539013378,0.551182985554795
2.931232108683176,0.5517745555123064
